{
  "data_size": 466,
  "inline_verbalized_confidence": {
    "auroc": 0.5,
    "auprc": 0.703862660944206,
    "auprc_n": 0.296137339055794
  },
  "verbalized_confidence_with_options": {
    "auroc": 0.6239285083068221,
    "auprc": 0.7652164596271336,
    "auprc_n": 0.37809602803898984
  },
  "sc_score_4samples": {
    "auroc": 0.6980823612583952,
    "auprc": 0.8222203482481768,
    "auprc_n": 0.43670015873722906
  },
  "breakdown_eigenvector_centrality_4samples": {
    "auroc": 0.5754020855425945,
    "auprc": 0.7343443774124265,
    "auprc_n": 0.3574796314806854
  },
  "breakdown_betweenness_centrality_4samples": {
    "auroc": 0.6213878579003181,
    "auprc": 0.7522679386933522,
    "auprc_n": 0.40915530492782803
  },
  "breakdown_closeness_centrality_4samples": {
    "auroc": 0.7084217037822552,
    "auprc": 0.8302850975840658,
    "auprc_n": 0.5464814437977633
  },
  "breakdown_pagerank_4samples": {
    "auroc": 0.5315040650406504,
    "auprc": 0.7043865962690561,
    "auprc_n": 0.3369118146483596
  },
  "breakdown_closeness_centrality_with_node_confidence_4samples": {
    "auroc": 0.701086956521739,
    "auprc": 0.8482271684845738,
    "auprc_n": 0.5221400558736894
  },
  "sc_plus_vc": {
    "auroc": 0.7123210498409333,
    "auprc": 0.8397121167987173,
    "auprc_n": 0.4711104722230171
  },
  "sc_based_vc": {
    "auroc": 0.7146297278190172,
    "auprc": 0.8447856670980957,
    "auprc_n": 0.4771283386361893
  },
  "sc_based_ilvc": {
    "auroc": 0.6980823612583952,
    "auprc": 0.8222203482481768,
    "auprc_n": 0.43670015873722906
  }
}