{
  "data_size": 427,
  "inline_verbalized_confidence": {
    "auroc": 0.5,
    "auprc": 0.5433255269320844,
    "auprc_n": 0.4566744730679157
  },
  "verbalized_confidence_with_options": {
    "auroc": 0.5107758620689655,
    "auprc": 0.5530235688150199,
    "auprc_n": 0.4623769415683159
  },
  "sc_score_4samples": {
    "auroc": 0.7621684350132626,
    "auprc": 0.7546630406189585,
    "auprc_n": 0.6682742881926605
  },
  "breakdown_eigenvector_centrality_4samples": {
    "auroc": 0.7001657824933687,
    "auprc": 0.666410830979236,
    "auprc_n": 0.6655832071395518
  },
  "breakdown_betweenness_centrality_4samples": {
    "auroc": 0.6611626878868258,
    "auprc": 0.6156174307824751,
    "auprc_n": 0.63018445207496
  },
  "breakdown_closeness_centrality_4samples": {
    "auroc": 0.7417550839964632,
    "auprc": 0.7234961427309158,
    "auprc_n": 0.6833930444596539
  },
  "breakdown_pagerank_4samples": {
    "auroc": 0.6554818744473917,
    "auprc": 0.619621945589945,
    "auprc_n": 0.6418334999047518
  },
  "breakdown_closeness_centrality_with_node_confidence_4samples": {
    "auroc": 0.6916445623342176,
    "auprc": 0.7028206163941255,
    "auprc_n": 0.5955605082804146
  },
  "sc_plus_vc": {
    "auroc": 0.7339964633068081,
    "auprc": 0.7397354217607013,
    "auprc_n": 0.6294230339125163
  },
  "sc_based_vc": {
    "auroc": 0.7552718832891246,
    "auprc": 0.75126643643499,
    "auprc_n": 0.6620254183476268
  },
  "sc_based_ilvc": {
    "auroc": 0.7621684350132626,
    "auprc": 0.7546630406189585,
    "auprc_n": 0.6682742881926605
  }
}